{
  "clang --threads 4": {
    "execute": {
      "clocks": [
        {
          "run": 11654,
          "values": [
            94259
          ]
        }
      ],
      "cpu": [
        {
          "run": 11654,
          "values": [
            154.76
          ]
        }
      ],
      "elapsed": [
        {
          "run": 11654,
          "values": [
            77.41
          ]
        }
      ],
      "memory": [
        {
          "run": 11654,
          "values": [
            34.08
          ]
        }
      ],
      "speed": [
        {
          "run": 11654,
          "values": [
            1.2176592171554064
          ]
        }
      ],
      "system": [
        {
          "run": 11654,
          "values": [
            0.03
          ]
        }
      ],
      "user": [
        {
          "run": 11654,
          "values": [
            154.73
          ]
        }
      ]
    }
  },
  "gcc": {
    "execute": {
      "clocks": [
        {
          "run": 11673,
          "values": [
            94259
          ]
        }
      ],
      "cpu": [
        {
          "run": 11673,
          "values": [
            116.25
          ]
        }
      ],
      "elapsed": [
        {
          "run": 11673,
          "values": [
            116.26
          ]
        }
      ],
      "memory": [
        {
          "run": 11673,
          "values": [
            32.608000000000004
          ]
        }
      ],
      "speed": [
        {
          "run": 11673,
          "values": [
            0.8107603646998107
          ]
        }
      ],
      "system": [
        {
          "run": 11673,
          "values": [
            0.03
          ]
        }
      ],
      "user": [
        {
          "run": 11673,
          "values": [
            116.22
          ]
        }
      ]
    }
  }
}