{
  "clang --threads 4": {
    "execute": {
      "clocks": [
        {
          "run": 11654,
          "values": [
            299403
          ]
        }
      ],
      "cpu": [
        {
          "run": 11654,
          "values": [
            437.94
          ]
        }
      ],
      "elapsed": [
        {
          "run": 11654,
          "values": [
            219.0
          ]
        }
      ],
      "memory": [
        {
          "run": 11654,
          "values": [
            34.144
          ]
        }
      ],
      "speed": [
        {
          "run": 11654,
          "values": [
            1.36713698630137
          ]
        }
      ],
      "system": [
        {
          "run": 11654,
          "values": [
            0.05
          ]
        }
      ],
      "user": [
        {
          "run": 11654,
          "values": [
            437.89
          ]
        }
      ]
    }
  },
  "gcc": {
    "execute": {
      "clocks": [
        {
          "run": 11673,
          "values": [
            299403
          ]
        }
      ],
      "cpu": [
        {
          "run": 11673,
          "values": [
            372.92999999999995
          ]
        }
      ],
      "elapsed": [
        {
          "run": 11673,
          "values": [
            372.97
          ]
        }
      ],
      "memory": [
        {
          "run": 11673,
          "values": [
            32.512
          ]
        }
      ],
      "speed": [
        {
          "run": 11673,
          "values": [
            0.8027535726734054
          ]
        }
      ],
      "system": [
        {
          "run": 11673,
          "values": [
            0.09
          ]
        }
      ],
      "user": [
        {
          "run": 11673,
          "values": [
            372.84
          ]
        }
      ]
    }
  }
}