{
  "clang --threads 4": {
    "execute": {
      "clocks": [
        {
          "run": 11654,
          "values": [
            121296
          ]
        }
      ],
      "cpu": [
        {
          "run": 11654,
          "values": [
            175.45999999999998
          ]
        }
      ],
      "elapsed": [
        {
          "run": 11654,
          "values": [
            87.76
          ]
        }
      ],
      "memory": [
        {
          "run": 11654,
          "values": [
            34.112
          ]
        }
      ],
      "speed": [
        {
          "run": 11654,
          "values": [
            1.3821330902461257
          ]
        }
      ],
      "system": [
        {
          "run": 11654,
          "values": [
            0.04
          ]
        }
      ],
      "user": [
        {
          "run": 11654,
          "values": [
            175.42
          ]
        }
      ]
    }
  },
  "gcc": {
    "execute": {
      "clocks": [
        {
          "run": 11673,
          "values": [
            121296
          ]
        }
      ],
      "cpu": [
        {
          "run": 11673,
          "values": [
            149.65
          ]
        }
      ],
      "elapsed": [
        {
          "run": 11673,
          "values": [
            149.68
          ]
        }
      ],
      "memory": [
        {
          "run": 11673,
          "values": [
            32.480000000000004
          ]
        }
      ],
      "speed": [
        {
          "run": 11673,
          "values": [
            0.8103687867450561
          ]
        }
      ],
      "system": [
        {
          "run": 11673,
          "values": [
            0.04
          ]
        }
      ],
      "user": [
        {
          "run": 11673,
          "values": [
            149.61
          ]
        }
      ]
    }
  }
}