{
  "gcc --hierarchical": {
    "execute": {
      "clocks": [
        {
          "run": 8967,
          "values": [
            144980
          ]
        }
      ],
      "cpu": [
        {
          "run": 8967,
          "values": [
            1734.1200000000001
          ]
        }
      ],
      "elapsed": [
        {
          "run": 8967,
          "values": [
            1734.36
          ]
        }
      ],
      "memory": [
        {
          "run": 8967,
          "values": [
            150.54
          ]
        }
      ],
      "speed": [
        {
          "run": 8967,
          "values": [
            0.0835927950367859
          ]
        }
      ],
      "system": [
        {
          "run": 8967,
          "values": [
            22.16
          ]
        }
      ],
      "user": [
        {
          "run": 8967,
          "values": [
            1711.96
          ]
        }
      ]
    }
  }
}