{
  "gcc --hierarchical": {
    "compile": {
      "codeSize": [
        {
          "run": 8967,
          "values": [
            3.1865449999999997
          ]
        }
      ],
      "cpu": [
        {
          "run": 8967,
          "values": [
            280.33
          ]
        }
      ],
      "elapsed": [
        {
          "run": 8967,
          "values": [
            105.00999999999999
          ]
        }
      ],
      "memory": [
        {
          "run": 8967,
          "values": [
            3606.7200000000003
          ]
        }
      ],
      "system": [
        {
          "run": 8967,
          "values": [
            12.280000000000001
          ]
        }
      ],
      "user": [
        {
          "run": 8967,
          "values": [
            268.05
          ]
        }
      ]
    },
    "cppbuild": {
      "ccacheHit": [
        {
          "run": 8967,
          "values": [
            0.0
          ]
        }
      ],
      "codeSize": [
        {
          "run": 8967,
          "values": [
            3.1865449999999997
          ]
        }
      ],
      "cpu": [
        {
          "run": 8967,
          "values": [
            239.82999999999998
          ]
        }
      ],
      "elapsed": [
        {
          "run": 8967,
          "values": [
            64.35
          ]
        }
      ],
      "memory": [
        {
          "run": 8967,
          "values": [
            748.46
          ]
        }
      ],
      "system": [
        {
          "run": 8967,
          "values": [
            10.23
          ]
        }
      ],
      "user": [
        {
          "run": 8967,
          "values": [
            229.6
          ]
        }
      ]
    },
    "verilate": {
      "cpu": [
        {
          "run": 8967,
          "values": [
            40.5
          ]
        }
      ],
      "elapsed": [
        {
          "run": 8967,
          "values": [
            40.66
          ]
        }
      ],
      "memory": [
        {
          "run": 8967,
          "values": [
            3606.7200000000003
          ]
        }
      ],
      "system": [
        {
          "run": 8967,
          "values": [
            2.05
          ]
        }
      ],
      "user": [
        {
          "run": 8967,
          "values": [
            38.45
          ]
        }
      ]
    }
  }
}