{
  "clang --threads 4": {
    "execute": {
      "clocks": [
        {
          "run": 20940,
          "values": [
            105791787
          ]
        }
      ],
      "cpu": [
        {
          "run": 20940,
          "values": [
            3902.0899999999997
          ]
        }
      ],
      "elapsed": [
        {
          "run": 20940,
          "values": [
            978.05
          ]
        }
      ],
      "memory": [
        {
          "run": 20940,
          "values": [
            4.312
          ]
        }
      ],
      "speed": [
        {
          "run": 20940,
          "values": [
            108.1660313889883
          ]
        }
      ],
      "system": [
        {
          "run": 20940,
          "values": [
            0.39
          ]
        }
      ],
      "user": [
        {
          "run": 20940,
          "values": [
            3901.7
          ]
        }
      ]
    }
  },
  "gcc": {
    "execute": {
      "clocks": [
        {
          "run": 20925,
          "values": [
            105791787
          ]
        }
      ],
      "cpu": [
        {
          "run": 20925,
          "values": [
            49.72
          ]
        }
      ],
      "elapsed": [
        {
          "run": 20925,
          "values": [
            49.73
          ]
        }
      ],
      "memory": [
        {
          "run": 20925,
          "values": [
            4.228
          ]
        }
      ],
      "speed": [
        {
          "run": 20925,
          "values": [
            2127.3232857430125
          ]
        }
      ],
      "system": [
        {
          "run": 20925,
          "values": [
            0.01
          ]
        }
      ],
      "user": [
        {
          "run": 20925,
          "values": [
            49.72
          ]
        }
      ]
    }
  }
}